medewerkerId,functieId,voornaam,achternaam,email,telefoonnummer
1,3,Thom,Recer,jelle29@example.net,0675102071
2,1,Jasmijn,Blom,qlambregt@example.net,0660687924
3,1,Alexander,Postma,broekquinty@example.com,0678597922
4,1,Mohamed,Veltman,nvan-vermandois@example.net,0640578817
5,3,Koen,Koster,mosleymason@example.net,0647129508
6,1,Esmee,Smeets,bloklandjente@example.com,0639420690
7,2,Bart,Wunderink,damian45@example.net,0646042573
8,2,Kiki,van Gent,juliette24@example.com,0622872168
9,1,James,Borman,maud78@example.com,0626911549
10,3,Fabiënne,Post,puck97@example.org,0649615863
11,1,Johanna,Elberts,jgenefaas@example.org,0615247127
12,3,Jorn,de Vroege,yvan-kuijc-van-malsen@example.net,0678083951
13,1,Hamza,Wigman,oliviahehl@example.org,0665848616
14,1,Quinn,Hendrikse,mvan-engeland@example.org,0601358103
15,2,Nienke,Janse,esmee46@example.org,0689689082
16,3,Aaliyah,Pauwels,jakesimons@example.org,0662305246
17,2,Sten,Roessink,eckhardtfay@example.com,0604692529
18,1,Mia,Mahieu,nadinekarels@example.com,0696480070
19,2,Jort,Post,van-soestdex@example.net,0631182488
20,2,Roos,Momberg,galijnbastiaan@example.org,0683574754
21,3,Kyara,Perrono,qferran@example.net,0696538051
22,3,Eliza,Massa,uvan-hamaland@example.net,0624486746
23,2,Evy,de Man,berat08@example.net,0655674433
24,2,Luke,Kortman,kronenbergnoud@example.net,0692408430
25,1,Fabiënne,Bruggeman,marcerontara@example.org,0679781064
26,3,Luna,Fredriks,zararomijn@example.net,0692023481
27,2,Fleur,van de Veen,d-heriponkyara@example.org,0687594388
28,2,Yassin,van Arkel,van-ochtenjoshua@example.com,0671456792
29,3,Jules,Kolen,ecrin20@example.com,0639905058
30,1,Florian,van Schevinghuizen,lizz37@example.org,0689657379
31,2,Maja,van de Kooij,vbeernink@example.com,0696261704
32,3,Bart,Schrik,fevers@example.com,0652762160
33,1,Mick,Peters,jorismathieu@example.org,0644824942
34,2,Isis,Ponci,marinus33@example.org,0691934277
35,2,Chloé,Mercks,stijn47@example.org,0662603311
36,3,Giovanni,The Elder,ameliafurda@example.net,0622274777
37,3,Mare,Ansems,hlips@example.net,0629358555
38,3,Michael,de Beer,juit-de-willigen@example.com,0670304739
39,1,Linn,Oda,mirthevan-herstal@example.com,0656934831
40,2,Juul,de Leeuw,kassaar@example.net,0605840605
41,2,Fabiënne,Haring,rhoning@example.org,0689856283
42,1,Pien,Veltman,van-het-heerenveenkyara@example.org,0638269410
43,1,Juliette,Roosenboom,roan49@example.net,0601758495
44,1,Yfke,Kalman,azra72@example.net,0628353160
45,1,Dana,Mulders,boverbeeck@example.org,0641853598
46,2,Nienke,Verwoert,tamsmaelize@example.com,0607897657
47,3,Wout,Nek,keijzerjonas@example.net,0673560397
48,3,Ties,Cornelisse,loek30@example.net,0684811406
49,3,Elisabeth,Westermann,lprins@example.net,0628134826
50,3,Mette,Bloemendaal,faye44@example.net,0609172778
51,3,Yara,Remmers,stellade-nijs@example.net,0651824978
52,2,Ecrin,Butselaar,fien94@example.net,0645532210
53,1,Lex,Glasses,oovereem@example.com,0670339796
54,1,Luka,van Schevinghuizen,dylano68@example.net,0618805800
55,1,Melle,Bökenkamp,jorn79@example.net,0675766844
56,1,Vince,David,woutriem@example.net,0655893732
57,1,Joris,van het Heerenveen,willemslivia@example.com,0624281185
58,1,Aron,Scheffers,lieve23@example.org,0639153015
59,3,Jorn,Pasman,nathan66@example.com,0657650713
60,3,Benthe,Frankhuizen,van-den-eerenbeemtjay@example.net,0630727652
61,2,Vajèn,Geertsen,liza93@example.org,0603179978
62,1,Loek,Schokman,johannes42@example.net,0629195267
63,2,Maud,Kisman,jkas@example.net,0645852796
64,1,Jari,van Beeck,elambers@example.org,0607738736
65,1,Tess,van Zwaben,damianvermeulen@example.net,0601901261
66,3,Emma,Osterhoudt,dani72@example.net,0659735733
67,3,Micha,de Werd,demiruijs@example.com,0688076435
68,1,Nadia,Zwart,jentevan-der-flaas@example.com,0606269717
69,3,Esila,Jonkman,izemeyer@example.org,0617547829
70,2,Lois,Cammel,ojansse@example.com,0643557106
71,2,Senna,Cant,umangel@example.com,0675362308
72,3,Loek,van Salmen,keijzerlisa@example.org,0604000935
73,3,Samuel,Keijser,daniel74@example.com,0676582637
74,2,Nikki,Segerszoen,marijn05@example.net,0625909519
75,2,Youssef,Pieters van der Maes,van-den-polmika@example.net,0603056483
76,1,Daniel,van Loon,van-breugelbibi@example.org,0628871774
77,1,Tim,Haack,van-laarkyara@example.net,0687773516
78,2,Fabiënne,van Beeck,van-spreuwelsylvie@example.org,0677717695
79,2,Fem,Weeldenburg,joshualamore@example.com,0612295481
80,3,Lana,Grondel,mpasschiers@example.org,0678550285
81,3,Kevin,Lorreijn,jlamore@example.com,0626230635
82,3,Bjorn,Kuit,evyvaessen@example.com,0696921032
83,2,Kian,Everde,sander58@example.org,0697162334
84,2,Joy,van der Strigt,sebastiaancornelisz@example.net,0671742933
85,3,Sophia,van Riet,gvos@example.com,0640718798
86,1,Hanna,Hoedemakers,oscar73@example.com,0619383095
87,1,Stef,Stoffel,gde-groot@example.org,0690088623
88,3,Nikki,van den Heuvel,cammelmia@example.com,0673921533
89,3,Giovanni,Haneberg,teunissennynke@example.net,0635281336
90,1,Daniel,Mulder,brianarts@example.net,0631456507
91,2,Alex,de Graaf,van-kempenashley@example.org,0679948842
92,2,Riley,van Herstal,jmartel@example.org,0679224416
93,2,Vince,Scheer,thoelen@example.com,0606981342
94,3,Jari,Hendriks,ternst@example.com,0609624701
95,1,Joël,Velderman,piengreij@example.org,0693004258
96,1,Jayson,van Egisheim,teunclaassen@example.com,0671915871
97,1,Naud,Borman,fenna68@example.net,0665591743
98,1,Duuk,van de Veen,hgeertsen@example.net,0602119805
99,2,Jet,Willems,fvan-de-pol@example.com,0678298045
100,1,Ella,Jacobs,hendrikvan-ooste@example.net,0621453345
101,1,Nout,de Man,jennavan-amstel@example.com,0682476295
102,3,Jayson,Tirie,van-der-leekevy@example.net,0676855775
103,2,Beau,Hendriks,mickouwerkerk@example.org,0686482755
104,3,Nout,de Groot,hidde36@example.net,0637553503
105,3,Jesper,van der Linden,kyanvan-haspengouw@example.net,0688472601
106,1,Chloé,Mangel,sophie07@example.com,0697386965
107,3,Arie,de Grunt,selena76@example.com,0616838688
108,3,Azra,van Wickerode,van-hemertnathan@example.net,0601180963
109,2,Olaf,van Oostendorp,naudvan-es@example.net,0654162927
110,2,Megan,Hermans,vroom@example.com,0694086195
111,2,Yasmine,Schatteleijn,koenwouters@example.org,0685252161
112,3,Dani,van Maaren,vajenklerks@example.com,0647394160
113,2,Janna,Rutten,goedhartamelia@example.net,0692601780
114,2,Elisabeth,Totwiller,ede-strigter@example.com,0661970046
115,1,Fabian,de Strigter,jortvan-bunschoten@example.net,0687367460
116,3,Thomas,Mulder,van-geenenpippa@example.org,0635198803
117,3,Guusje,van der Schuijt,elifrietveld@example.com,0664691684
118,3,Mark,Dircken,zuidwegsilke@example.net,0651016526
119,3,Luca,Ouwerkerk,dkathagen@example.org,0690028000
120,1,Isis,Scardino,houdijkvalentijn@example.com,0673465689
121,3,Jules,Höning,groenendaalise@example.com,0626252208
122,1,Lily,Flink,van-der-ledegiovanni@example.org,0666656844
123,2,Samuel,Rackham,bokenkampnora@example.org,0615530154
124,3,Mike,Lamotte,npieters-van-der-maes@example.org,0603452473
125,2,Zoë,van Mispelen,yfke98@example.com,0629228086
126,3,Quinten,van Goerle,abourgondie-van@example.net,0698982456
127,1,Bjorn,Michielsen,mensjasmijn@example.net,0628946423
128,3,Kim,Kloppert,westerbeekbrian@example.net,0631259032
129,2,Michelle,Verda,qvan-beeck@example.org,0680577126
130,2,Rens,Beernink,zvan-der-heijden@example.net,0654707597
131,1,Leon,Vos,nynke85@example.net,0639039710
132,2,Stef,Lips,tobias10@example.net,0653197775
133,1,Dirk,van Dijk,ybronder@example.com,0657358986
134,2,Mustafa,Hulst,schrantesmee@example.com,0694122344
135,3,Jamie,Uphus,twan32@example.com,0651599022
136,2,Dani,Stuivenberg,esilauit-de-willigen@example.net,0690759915
137,3,Noëlle,van der Kint,tvan-nimwegen@example.net,0668358010
138,2,Duuk,Oemencs,hoelentycho@example.net,0629550374
139,3,Maria,Lind,fmaas@example.com,0696852324
140,3,Marit,Helmerhorst,van-tuijljob@example.net,0676130797
141,3,Jelte,van Grinsven,juliette99@example.org,0643002725
142,1,Yfke,de Gratie,pvan-den-brink@example.org,0691318647
143,1,Lena,Strijker,ties53@example.org,0682172839
144,2,Jet,Kortman,hvan-ommeren@example.com,0622244105
145,3,Mohamed,le Luc,eijkelboomalexander@example.net,0666996546
146,1,Mathijs,van Oirschot,lipsjoel@example.org,0669985483
147,3,Mads,van Schevinghuizen,quinn95@example.net,0693530955
148,3,Iris,Hoelen,annabelvan-gent@example.com,0611893711
149,2,Michelle,Krabbe,naud12@example.org,0669480134
150,1,Wout,van Duivenvoorde,wigmanniek@example.com,0663119243
151,3,Mason,van der Wal,jort31@example.com,0607864351
152,3,Valerie,de Gruijl,roan92@example.com,0627778257
153,3,Lucas,Dircken,liviawagenvoort@example.net,0665972731
154,1,Tyler,Huel,npeterse@example.org,0633580128
155,2,Rens,Ernst,gellemeyerjoshua@example.com,0646069292
156,2,Femke,Verda,merlepons@example.org,0633137189
157,3,Sara,Wildschut,elijn@example.net,0633147927
158,1,Fatima,Ketting,justinvan-den-broek@example.com,0636036134
159,1,Jente,le Gallen,vwaltrade-walderade@example.com,0684504383
160,3,Ayoub,Freshour,van-damnaomi@example.org,0658770067
161,3,Elize,'s Gravensande,fvan-der-spaendonc@example.net,0621676857
162,2,Ilse,Aalts,madsnihoe@example.org,0679067082
163,1,Cato,Arts,ryanvan-zwaben@example.net,0656795680
164,2,Guus,Gervais,van-de-biezenbosjohannes@example.com,0674445487
165,3,Azra,Schiffer,hvan-veen@example.net,0667170307
166,2,Sanne,Veltman,van-hollandjoshua@example.net,0664054104
167,1,Sophie,van Es,verhoevensara@example.com,0643689070
168,1,Daphne,Bruynzeels,adrianagerritsen@example.org,0662022629
169,1,Britt,den Haag,yroosenboom@example.org,0638041037
170,3,Bradley,Boer,avan-der-pouw@example.net,0657335106
171,2,Cornelia,Leene,fvan-beieren@example.org,0669143427
172,3,Merle,van Beaumont,tengels@example.org,0690509234
173,3,Aya,van den Nuwenhijsen,averwoert@example.net,0688090237
174,1,Imran,Ansems,janna94@example.org,0626388679
175,1,Lizzy,Cornelissen,van-luysseladriana@example.org,0633922342
176,1,Esila,Verwoert,liza12@example.net,0670880467
177,3,Benthe,van Es,annemijn58@example.com,0699529911
178,2,Joris,Zijlmans,iris55@example.net,0621771663
179,2,Lise,Cammel,smitvalentijn@example.net,0680069518
180,3,Linn,Kalman,de-vrieskevin@example.org,0607661310
181,3,Sarah,Recer,tbave@example.net,0634317530
182,3,Jip,van de Pavert,yhermans@example.net,0650517133
183,1,Alexander,Noordijk,mschouten@example.net,0609736250
184,1,Kaylee,Zeldenrust,ejoosten@example.org,0602544614
185,2,Julie,Martens,uboogaerts@example.net,0674619059
186,2,Pleun,Bakker,de-beercollin@example.com,0694294678
187,1,Finn,van Henegouwen,melissa61@example.org,0621840633
188,3,Wesley,Jochems,rik23@example.net,0694156636
189,1,Leon,Hondeveld,scuylenborchsjort@example.com,0615792041
190,3,Joëlle,Lucas,doesburgcharlotte@example.com,0652304049
191,3,Lisa,Smith,luke93@example.com,0673929778
192,2,Nova,Langevoort,janssefeline@example.org,0685756946
193,2,Maurits,Keijser,willembakker@example.com,0633235576
194,2,Sarah,Takkelenburg,rayangroote@example.com,0664806861
195,3,Sylvie,Unruoch Hunerik,dexvan-orleans@example.org,0698728243
196,2,Joey,Dirven,rouwenhorstjoris@example.com,0612752210
197,3,Kyra,die Pelser,anouk76@example.org,0672312075
198,1,Zakaria,Kalman,floortje13@example.com,0696035426
199,3,Ibrahim,Passchiers,marchandmara@example.com,0670349271
200,3,Hanna,van den Eijssel,berendsliv@example.org,0678304032
